,dice_0,dice_1,dice_2,dice_mean,frac_foldings,hausdorff95_0,hausdorff95_1,hausdorff95_2,hausdorff95_mean,hausdorff_0,hausdorff_1,hausdorff_2,hausdorff_mean,sdlogj
patient101_frame14,0.780842,0.772592,0.91248,0.821971,0,24.854,2,1,9.28468,34.8281,3.60555,3.60555,14.0131,0.0167381
patient102_frame13,0.722714,0.755463,0.832714,0.770297,0,20.6875,2,1.41421,8.03389,27.8568,4.24264,2.82843,11.6426,0.0202829
patient103_frame11,0.666667,0.835214,0.937117,0.812999,0,28.3328,1.41421,1,10.249,40.4969,5,3,16.1656,0.0319138
patient104_frame11,0.410714,0.817961,0.672065,0.63358,0,22.0031,2.23607,3.60555,9.28157,31.8277,8.24621,5,15.0246,0.0305039
patient105_frame10,0.567073,0.878351,0.861619,0.769014,0,25.8953,1,1,9.29844,33.8378,2.82843,2.23607,12.9674,0.0109607
patient106_frame13,0.931776,0.856512,0.97845,0.922246,0,1,1,0,0.666667,41.0488,2.23607,1.41421,14.8997,0.0200138
patient107_frame10,0.808786,0.790323,0.857143,0.81875,0,6.45883,1.41421,1.41421,3.09575,23.7065,3,3.16228,9.95627,0.01538
patient108_frame09,0.641026,0.791252,0.705479,0.712586,0,28.178,2.23607,5.04456,11.8195,33.541,4.47214,9.43398,15.8157,0.0151979
patient109_frame10,0.884693,0.797445,0.926768,0.869635,0,2,2,1,1.66667,31.3847,5,2.82843,13.071,0.024696
patient110_frame11,0.813288,0.83842,0.840426,0.830711,0,15.9366,1.61924,2.23607,6.59732,26.8328,5,5,12.2776,0.0175479
patient111_frame07,0.6475,0.855215,0.761682,0.754799,0,11.05,1.41421,3.60555,5.35659,33.6006,4.47214,7,15.0242,0.0133289
patient112_frame12,0.562212,0.769721,0.853132,0.728355,0,29.2892,2.23607,2,11.1751,38.0132,6,6.08276,16.6986,0.0204713
patient113_frame08,0.78655,0.81903,0.953863,0.853147,0,27.72,1,0,9.57334,40.8044,2.23607,2,15.0135,0.0212328
patient114_frame11,0.666667,0.90231,0.718593,0.762523,0,18.4391,1,6.44889,8.62933,41.2311,3.60555,9.05539,17.964,0.0103955
patient115_frame13,0.792899,0.824147,0.892308,0.836451,0,17.3241,1.41421,1.41421,6.71751,33.2415,3.16228,3.16228,13.1887,0.00733472
patient116_frame09,0.648649,0.778459,0.707276,0.711461,0,29.2676,2,5.91548,12.3944,33.4215,4.12311,8.60233,15.3823,0.0149354
patient117_frame13,0.747889,0.784203,0.948785,0.826959,0,4,2,1,2.33333,42.638,3.60555,5,17.0812,0.02868
patient118_frame10,0.696471,0.807306,0.849943,0.784573,0,29.3425,2,2,11.1142,34.7851,3.60555,3.60555,13.9987,0.0200444
patient119_frame09,0.869783,0.707983,0.86201,0.813259,0,10.4898,4,1.41421,5.30134,37.4833,10.8167,5.38516,17.895,0.0160431
patient120_frame08,0.5,0.777778,0.930445,0.736074,0,25.1431,1.41421,1,9.18577,31.257,3.60555,2.82843,12.5637,0.0160692
patient121_frame10,0.83119,0.775128,0.884672,0.83033,0,7.78108,2.23607,1.41421,3.81045,30.0167,6.40312,6.7082,14.376,0.023401
patient122_frame06,0.802698,0.84248,0.915512,0.853564,0,20.2462,1.41421,1,7.55347,40.4475,3.60555,4.47214,16.1751,0.00922548
patient123_frame11,0.70028,0.835505,0.77377,0.769852,0,20.5998,1.41421,2.23607,8.08335,29.1204,3,6.32456,12.815,0.00875241
patient124_frame07,0.906024,0.84381,0.846847,0.86556,0,1,1.41421,1.64853,1.35425,26.1725,4,4.12311,11.4319,0.0210805
patient125_frame07,0.884146,0.812672,0.850534,0.849117,0,3.02271,1,2,2.00757,25.9422,3.16228,4,11.0348,0.0165566
mean,0.730821,0.810771,0.850945,0.797513,0,17.2025,1.71509,2.03247,6.98334,33.7414,4.36138,4.67435,14.2591,0.0180315
std,0.129399,0.0415941,0.0831147,0.061959,0,9.93768,0.635097,1.63062,3.50954,5.35113,1.85967,2.16112,2.10719,0.00638273
min,0.410714,0.707983,0.672065,0.63358,0,1,1,0,0.666667,23.7065,2.23607,1.41421,9.95627,0.00733472
max,0.931776,0.90231,0.97845,0.922246,0,29.3425,4,6.44889,12.3944,42.638,10.8167,9.43398,17.964,0.0319138
